{
  "model": "xgb",
  "best_auc": 0.7400630624295238,
  "best_params": {
    "learning_rate": 0.025250437590382042,
    "max_depth": 5,
    "min_child_weight": 75,
    "subsample": 0.7659271582233903,
    "colsample_bytree": 0.7996037522585402,
    "reg_alpha": 0.30155382799902186,
    "reg_lambda": 1.1054754050726803,
    "gamma": 0.27694592828427284
  },
  "n_trials": 30,
  "n_folds": 3,
  "subsample_rate": 1.0,
  "all_trial_aucs": [
    0.7392471946454149,
    0.7383622252176245,
    0.7396231441959644,
    0.7390075706818942,
    0.7393892738912904,
    0.7395537846395037,
    0.7398374169415344,
    0.739977589935992,
    0.7394865721721833,
    0.7393200033236733,
    0.739815914878228,
    0.7398271364071194,
    0.7398385294807693,
    0.7399385917765812,
    0.7397779819244056,
    0.7399831949227151,
    0.7397966640221993,
    0.7397799288779943,
    0.739993821485145,
    0.7400483745052301,
    0.7397360914488919,
    0.7400524185140709,
    0.7399811140689123,
    0.740024891338221,
    0.7399751012265843,
    0.7400630624295238,
    0.7400298413575264,
    0.7400492434270826,
    0.7398105107021167,
    0.7400196363504563
  ],
  "elapsed_min": 21.5
}