{
  "best_auc": 0.7399709874085573,
  "best_params": {
    "learning_rate": 0.020277240975450236,
    "depth": 8,
    "l2_leaf_reg": 6.347428100049705,
    "bagging_temperature": 0.6030591408625682,
    "random_strength": 1.641591378496605,
    "min_data_in_leaf": 42
  },
  "n_trials": 30,
  "n_folds": 3,
  "subsample_rate": 1.0,
  "all_trial_aucs": [
    0.7395321954536973,
    0.739722094309926,
    0.7396523680765446,
    0.7397510735803879,
    0.7397361466847157,
    0.7397318013209742,
    0.7396669771776101,
    0.7396531804521618,
    0.7394889902385062,
    0.7393618085033213,
    0.739699296924856,
    0.7398127293476582,
    0.7398287777171882,
    0.7398633955288455,
    0.7397364834604322,
    0.7398569147505378,
    0.7399187861003296,
    0.7397990802221791,
    0.7399709874085573,
    0.7398843925278509,
    0.7396277654211494,
    0.7399666477232649,
    0.7398714439562205,
    0.7399689703678163,
    0.739831051360297,
    0.7399222681015397,
    0.7398605099633464,
    0.7397041152279662,
    0.7398267560304432,
    0.7397588916930409
  ],
  "elapsed_min": 291.9
}