{
  "model": "lgbm",
  "best_auc": 0.7398163021643455,
  "best_params": {
    "learning_rate": 0.03808978496858034,
    "num_leaves": 164,
    "max_depth": 5,
    "min_child_samples": 65,
    "feature_fraction": 0.6682096494749166,
    "bagging_fraction": 0.6260206371941118,
    "bagging_freq": 7,
    "lambda_l1": 1.5402113021890798,
    "lambda_l2": 0.46616954181056797
  },
  "n_trials": 30,
  "n_folds": 3,
  "subsample_rate": 1.0,
  "all_trial_aucs": [
    0.7382968665852679,
    0.7397266516823401,
    0.738953151919408,
    0.7398163021643455,
    0.7397098762727681,
    0.7390637140251337,
    0.7397317770585096,
    0.7386566074195896,
    0.7385414737651815,
    0.7397659008053789,
    0.7394101366326966,
    0.7397193588858,
    0.7395428396868255,
    0.7392565182618699,
    0.7393151247813508,
    0.7397214643594523,
    0.7397492626713229,
    0.7395938428422769,
    0.7387367303771922,
    0.7383722906063217,
    0.7395677763779864,
    0.7397684963331661,
    0.7396515840137543,
    0.7396222086019708,
    0.7396938329463362,
    0.739464074950731,
    0.7389057743147737,
    0.7397203169156241,
    0.7396060967767639,
    0.7385372276353177
  ],
  "elapsed_min": 19.1
}