{
  "individual_aucs": {
    "lgbm": 0.739366895917271,
    "xgb": 0.7401680298729796,
    "cat": 0.7403722611746417
  },
  "final_auc": 0.7406565143733949,
  "target_met": false,
  "elapsed_sec": 1896.7,
  "n_features": 210
}